"","CpG","avg_meth_rate","min_pval","pvals_cloneass","Type"
"AMPL376447","AMPL376447",0.198847677349656,3.40376977471444e-33,0.129707833317578,"Dynamic"
"AMPL371688","AMPL371688",0.100324090745408,6.62018920416234e-11,1,"Dynamic"
"AMPL371137","AMPL371137",0.66409794742528,2.49059009894226e-11,1,"Dynamic"
"AMPL371170","AMPL371170",0.216348577601729,1.80132020041909e-18,0.00139029675747974,"Dynamic"
"AMPL366134","AMPL366134",0.820165646380988,8.62202183712418e-31,1.38369757766955e-05,"Dynamic"
"AMPL366093","AMPL366093",0.111487216420597,1.8431223246016e-29,2.73413905382354e-22,"Dynamic"
"AMPL365920","AMPL365920",0.0554555275477126,6.33571024302517e-23,1,"Dynamic"
"AMPL366060","AMPL366060",0.371840115232268,2.49583048877322e-42,5.28746047324794e-10,"Dynamic"
"AMPL377076","AMPL377076",0.136190133237306,2.36381300823572e-25,1.46508478256272e-16,"Dynamic"
"AMPL366212","AMPL366212",0.650342095786821,1.61170271800662e-09,0.0641134587607486,"Dynamic"
"AMPL355442","AMPL355442",0.0518545192653944,2.51716105259493e-15,0.000157544637008232,"Dynamic"
"AMPL355412","AMPL355412",0.164998199495858,2.53112807199797e-25,1.10006419976987e-16,"Dynamic"
"AMPL371357","AMPL371357",0.0846957148001448,8.52432552884719e-21,0.00121448516914566,"Dynamic"
"AMPL355663","AMPL355663",0.104429240187253,1.03461548877921e-13,0.94809667769426,"Dynamic"
"AMPL355970","AMPL355970",0.641267554915379,3.2574689330205e-07,0,"Dynamic"
"AMPL377391","AMPL377391",0.280374504861362,9.36630340365688e-12,0.000418039829335653,"Dynamic"
"AMPL371668","AMPL371668",0.233201296362981,8.49515643208708e-28,1.30509210087163e-08,"Dynamic"
"AMPL365990","AMPL365990",0.0535830032409077,1.97039742288897e-35,9.34492457418933e-14,"Dynamic"
"AMPL371572","AMPL371572",0.689593086064101,2.4493997179995e-06,2.19501874300288e-16,"Dynamic"
"AMPL365938","AMPL365938",0.377241627655745,9.74866715512971e-55,3.02944446960696e-07,"Dynamic"
"AMPL365905","AMPL365905",0.259488656823913,1.05764038185881e-21,4.00975725411439e-17,"Dynamic"
"AMPL376910","AMPL376910",0.385091825711205,5.24915301840739e-19,3.00967020001735e-16,"Dynamic"
"AMPL366045","AMPL366045",0.0755491537630539,2.46337764502647e-20,0.545830984204171,"Dynamic"
"AMPL376601","AMPL376601",0.287792581922938,4.92521154257581e-13,1,"Dynamic"
"AMPL365939","AMPL365939",0.585163845876843,3.01931990419376e-19,0.278506230286107,"Dynamic"
"AMPL371758","AMPL371758",0.120489737126396,5.75745904571383e-37,0.000188962478790235,"Dynamic"
"AMPL366066","AMPL366066",0.0967230824630907,1.00906713345076e-27,3.8100503428955e-05,"Dynamic"
"AMPL355903","AMPL355903",0.114944184371625,1.98118081868312e-06,1,"Dynamic"
"AMPL371618","AMPL371618",0.241339575081021,5.87749965064096e-21,1.46239217517035e-23,"Dynamic"
"AMPL371676","AMPL371676",0.621678069859561,2.066396524398e-16,0.0122861979550747,"Dynamic"
"AMPL376711","AMPL376711",0.194238386748289,5.65937273531158e-21,0.336299768336384,"Dynamic"
"AMPL355560","AMPL355560",0.0828231904933375,3.0961606626397e-24,1,"Dynamic"
"AMPL365802","AMPL365802",0.417933021245933,1.36184802242631e-10,1.79340167859451e-74,"Dynamic"
"AMPL365898","AMPL365898",0.072740367302845,3.07097747721441e-29,1,"Dynamic"
"AMPL371673","AMPL371673",0.246597047173207,2.15660608198996e-05,1,"Dynamic"
"AMPL371378","AMPL371378",0.225351098307525,4.68960877903694e-14,1.32703317931221e-130,"Dynamic"
"AMPL366081","AMPL366081",0.335613971912134,8.01248442750946e-27,1.03606643615289e-47,"Dynamic"
"AMPL366000","AMPL366000",0.4715880446525,1.53189635333057e-26,0.00583259997866766,"Dynamic"
"AMPL371214","AMPL371214",0.440907454087144,2.31218456577e-12,0.0107260896972886,"Dynamic"
"AMPL355849","AMPL355849",0.347641339575082,2.66518186301894e-36,1.84497987681978e-10,"Dynamic"
"AMPL371741","AMPL371741",0.140799423838676,6.19483329605447e-42,4.05747008591551e-26,"Dynamic"
"AMPL371701","AMPL371701",0.130356499819949,6.1524794654304e-26,4.27317199926258e-09,"Dynamic"
"AMPL371188","AMPL371188",0.316672668347137,3.93275038828477e-22,2.1354134113926e-10,"Dynamic"
"AMPL371743","AMPL371743",0.329636298163486,1.16716645094784e-30,5.55769686623352e-48,"Dynamic"
"AMPL366028","AMPL366028",0.174864962189411,2.34970676679483e-44,1.03994656465294e-113,"Dynamic"
"AMPL376554","AMPL376554",0.0617212819589485,2.83999669209654e-24,1,"Dynamic"
"AMPL371788","AMPL371788",0.0859200576161327,1.0718054014532e-23,1,"Dynamic"
"AMPL355637","AMPL355637",0.600792221822114,1.78081307274885e-07,8.72076402536962e-20,"Dynamic"
"AMPL371503","AMPL371503",0.66805905653583,1.03035702872586e-13,1.99037383432766e-11,"Dynamic"
"AMPL371535","AMPL371535",0.185595966870724,4.78333654362125e-18,4.11794944379808e-19,"Dynamic"
"AMPL371418","AMPL371418",0.383003240907457,3.77426670058e-23,1.2085132535143e-18,"Dynamic"
"AMPL366243","AMPL366243",0.14094346416997,2.99514316736354e-26,0.00171659680962091,"Dynamic"
"AMPL371353","AMPL371353",0.32538710839035,6.57726424205116e-34,0.00723490836364988,"Dynamic"
"AMPL371655","AMPL371655",0.0848397551314366,1.77644377181139e-11,1.35448739294185e-06,"Dynamic"
"AMPL376642","AMPL376642",0.490961469211376,2.94762688450301e-20,5.57385714877832e-07,"Dynamic"
"AMPL365953","AMPL365953",0.508102268635212,8.95669460039859e-10,0.391937635118859,"Dynamic"
"AMPL371580","AMPL371580",0.150018005041412,6.40346041621736e-25,1,"Dynamic"
"AMPL371359","AMPL371359",0.615556355779619,1.10423484616322e-28,1.70481583407008e-15,"Dynamic"
"AMPL365901","AMPL365901",0.184371624054736,3.41936632169984e-35,2.26886324754425e-54,"Dynamic"
"AMPL371570","AMPL371570",0.986028087864602,0.0200893004331559,1,"Dynamic"
"AMPL371814","AMPL371814",0.260568959308606,6.23669936528781e-10,1.77260017049486e-54,"Dynamic"
"AMPL371312","AMPL371312",0.300684191573643,2.79843398879447e-17,1.66103218670645e-11,"Dynamic"
"AMPL365804","AMPL365804",0.563917897011166,1.04962680445426e-07,4.12053742367501e-07,"Dynamic"
"AMPL371677","AMPL371677",0.147569319409435,7.57983427569033e-15,0.000102263632124173,"Dynamic"
"AMPL366031","AMPL366031",0.301764494058334,3.1900972988819e-28,1,"Dynamic"
"AMPL365795","AMPL365795",0.225207057976232,3.33434952747355e-37,2.44077255020546e-40,"Dynamic"
"AMPL371606","AMPL371606",0.208642419877567,1.70195464692439e-07,4.3985894430318e-08,"Dynamic"
"AMPL371716","AMPL371716",0.73438962909615,3.51544735536345e-33,1.12439783083912e-126,"Dynamic"
"AMPL371452","AMPL371452",0.833057256031695,1.16137722236734e-07,6.35378817673442e-26,"Dynamic"
"AMPL371736","AMPL371736",0.678069859560687,9.14079102905894e-19,2.09985496675279e-32,"Dynamic"
"AMPL365943","AMPL365943",0.318473172488297,9.50958510653654e-30,1,"Dynamic"
"AMPL365818","AMPL365818",0.173424558876482,8.6504308030709e-26,7.53971392762942e-26,"Dynamic"
"AMPL371486","AMPL371486",0.818365142239827,0.0709505697217921,1,"Static"
"AMPL366056","AMPL366056",0.241051494418438,2.70635707665369e-08,0.000639544441178265,"Dynamic"
"AMPL377538","AMPL377538",0.208354339214981,2.4712220950645e-05,9.51249212512857e-22,"Dynamic"
"AMPL371185","AMPL371185",0.442851998559599,1.11097232672457e-10,5.81835747059691e-17,"Dynamic"
"AMPL371805","AMPL371805",0.171624054735326,4.26182259095577e-09,1,"Dynamic"
"AMPL371231","AMPL371231",0.879294202376667,0.0077897711329247,7.4184328878164e-14,"Static"
"AMPL371552","AMPL371552",0.403456967951025,2.39668760502298e-34,1,"Dynamic"
"AMPL371720","AMPL371720",0.296290961469206,2.90141788300256e-15,2.23886133768134e-07,"Dynamic"
"AMPL365907","AMPL365907",0.0128195894850558,2.5966776022432e-13,0.886161415063818,"Dynamic"
"AMPL371197","AMPL371197",0.202160604969395,1.56605962801958e-43,2.84396652527269e-11,"Dynamic"
"AMPL371323","AMPL371323",0.926539431040689,2.15339630358973e-19,1,"Dynamic"
"AMPL366142","AMPL366142",0.752538710839036,2.21287908905886e-12,1.01632941170717e-228,"Dynamic"
"AMPL355654","AMPL355654",0.73316528628016,2.00627901138912e-11,1.27580477538961e-169,"Dynamic"
"AMPL365828","AMPL365828",0.241915736406192,1.53921588328426e-27,2.44936601073017e-08,"Dynamic"
"AMPL355639","AMPL355639",0.413755851638456,0.000631315389200027,9.07856283714544e-141,"Static"
"AMPL376721","AMPL376721",0.956859920777819,1.54692519076359e-07,2.86505387887802e-25,"Dynamic"
"AMPL389964","AMPL389964",0.884551674468851,8.24109434082772e-14,0,"Dynamic"
"AMPL390252","AMPL390252",0.936118113071658,0.00332936677398621,1.16588269527328e-05,"Dynamic"
"AMPL365731","AMPL365731",0.624486856319764,0.000629011123281876,0,"Static"
"AMPL376850","AMPL376850",0.601440403312919,0.00141020726287063,0,"Static"
"AMPL376373","AMPL376373",0.937990637378461,3.48500091507233e-05,5.86259723736622e-08,"Dynamic"
"AMPL377317","AMPL377317",0.653583003240915,1.78174314480782e-09,1.90298266359506e-49,"Dynamic"
"AMPL377328","AMPL377328",0.867770975873246,0.0305847139841724,8.14947421859472e-181,"Static"
"AMPL390370","AMPL390370",0.546849117752972,0.0101563931541952,0,"Static"
"AMPL371591","AMPL371591",0.849909974792943,0.0333066029648476,3.43151083732973e-135,"Static"
"AMPL371522","AMPL371522",0.881022686352182,0.000313368625817505,0,"Static"
"AMPL390025","AMPL390025",0.76067698955708,0.0426778516316833,0,"Static"
"AMPL371508","AMPL371508",0.844508462369465,3.55281392873423e-10,0.00465793740394102,"Dynamic"
"AMPL355615","AMPL355615",0.553763053655027,7.56810742668465e-05,0,"Dynamic"
"AMPL376609","AMPL376609",0.915016204537273,6.31202088429544e-06,3.15590771369927e-07,"Dynamic"
"AMPL388228","AMPL388228",0.481238746849114,0.0798857688291364,0,"Static"
"AMPL371634","AMPL371634",0.995750810226864,0.0241513376703586,0.11133886659105,"Dynamic"
"AMPL371541","AMPL371541",0.504501260352899,0.000101656161849432,4.48168961331667e-89,"Dynamic"
"AMPL388797","AMPL388797",0.467266834713724,0.000406352394490867,0,"Static"
"AMPL371547","AMPL371547",0.709038530788618,0.122377431506222,0,"Static"
"AMPL355851","AMPL355851",0.724882967230823,8.3849358905859e-18,5.15877738756562e-40,"Dynamic"
"AMPL376496","AMPL376496",0.774720921858121,2.54035038117625e-19,8.78092876289454e-12,"Dynamic"
"AMPL376957","AMPL376957",0.923514584083544,0.00584861014532921,7.88344344192946e-230,"Dynamic"
"AMPL377097","AMPL377097",0.391789701116314,2.94033283185475e-15,8.87686821556596e-125,"Dynamic"
"AMPL371255","AMPL371255",0.650846236946343,0.000176955581803562,4.10768524837076e-141,"Static"
"AMPL371813","AMPL371813",0.895930860640978,0.00388613779435263,1.46763135564823e-43,"Static"
"AMPL388838","AMPL388838",0.987828592005761,0.076710723848188,1,"Dynamic"
"AMPL376591","AMPL376591",0.879006121714083,0.150173912526832,4.80344810700857e-161,"Static"
"AMPL377144","AMPL377144",0.988620813827872,0.00405701146503303,1,"Dynamic"
"AMPL371421","AMPL371421",0.703781058696435,1.86996611713556e-22,0.187108229722999,"Dynamic"
"AMPL376854","AMPL376854",0.0787180410514941,2.71850716851474e-06,0,"Dynamic"
"AMPL371238","AMPL371238",0.846813107670148,6.73321439912066e-74,6.39289061644858e-05,"Dynamic"
"AMPL388681","AMPL388681",0.46762693554195,0.000406899190194521,0,"Static"
"AMPL371217","AMPL371217",0.815916456607849,0.000504589138321008,1.83774448600501e-238,"Static"
"AMPL371186","AMPL371186",0.153330932661145,6.28206853656028e-17,0.061862360417951,"Dynamic"
"AMPL378478","AMPL378478",0.699171768095071,0.0502917561435871,3.67445804523085e-93,"Static"
"AMPL390117","AMPL390117",0.87050774216781,6.23321264502657e-23,1.96547188184447e-07,"Dynamic"
"AMPL390585","AMPL390585",0.604537270435718,0.00161526572814159,1,"Static"
"AMPL390129","AMPL390129",0.710262873604606,0.0034030767010695,0,"Static"
"AMPL371237","AMPL371237",0.66964350018005,4.63819298674257e-24,3.52552411800725e-24,"Dynamic"
"AMPL355844","AMPL355844",0.979978393950307,0.0293645245476304,1,"Dynamic"
"AMPL376597","AMPL376597",0.77032769175369,2.09547492407328e-85,1.32287288384831e-07,"Dynamic"
"AMPL365812","AMPL365812",0.418509182571117,0.0515424273521,9.73122882261158e-304,"Static"
"AMPL390097","AMPL390097",0.88527187612532,0.00168906575817711,6.52639295548111e-120,"Static"
"AMPL355829","AMPL355829",0.832553114872166,0.0322826205777782,7.07106706407586e-133,"Static"
"AMPL355873","AMPL355873",0.792221822110193,0.0106544463594382,1.61369218154212e-73,"Static"
"AMPL355742","AMPL355742",0.0432841195534749,2.2865027551459e-06,1,"Dynamic"
"AMPL355889","AMPL355889",0.196615052214621,8.69347719736992e-10,2.80834488411421e-11,"Dynamic"
"AMPL365997","AMPL365997",0.588260712999652,3.0163649230578e-07,0.000150098161183474,"Dynamic"
"AMPL376733","AMPL376733",0.469283399351825,8.8642174099001e-12,0,"Dynamic"
"AMPL390626","AMPL390626",0.290025207057982,0.000149777033004403,0,"Static"
"AMPL365730","AMPL365730",0.608786460208857,0.000244251837643885,2.43234085567739e-211,"Static"
"AMPL390006","AMPL390006",0.989629096146921,1.42257147394475e-08,1,"Dynamic"
"AMPL371756","AMPL371756",0.797047173208487,7.23374579808233e-22,2.70480866357296e-135,"Dynamic"
"AMPL355580","AMPL355580",0.850270075621176,0.00603104217982854,0,"Static"
"AMPL365940","AMPL365940",0.877709758732445,5.42707019472298e-08,2.80900333736827e-220,"Dynamic"
"AMPL366193","AMPL366193",0.485992077781778,2.17377465382343e-23,0.000916558348748757,"Dynamic"
"AMPL377424","AMPL377424",0.906157724162766,0.00791317959435962,1.85480223660064e-66,"Dynamic"
"AMPL377537","AMPL377537",0.0610731004681305,8.87253275317379e-05,1,"Dynamic"
"AMPL378928","AMPL378928",0.82254231184732,0.000282169396323112,9.43340905181759e-72,"Static"
"AMPL378501","AMPL378501",0.607922218221102,0.030972980304124,0,"Static"
"AMPL388692","AMPL388692",0.844148361541231,6.7635513998763e-08,7.97871228534948e-112,"Dynamic"
"AMPL355676","AMPL355676",0.73971912135398,0.00200177124087814,7.82676082458032e-135,"Static"
"AMPL355831","AMPL355831",0.494130356499819,0.00184051169309817,0,"Static"
"AMPL376547","AMPL376547",0.976449405833633,0.00343770251932626,0.00499575876607603,"Dynamic"
"AMPL371772","AMPL371772",0.746921137918623,0.000125617615990257,0,"Static"
"AMPL371261","AMPL371261",0.998703637018365,0.115038995829949,1,"Dynamic"
"AMPL371729","AMPL371729",0.529276197335254,2.96856939678811e-23,2.36949247600308e-07,"Dynamic"
"AMPL371483","AMPL371483",0.862153402952826,0.0133959932390205,6.95569703974224e-199,"Static"
"AMPL371172","AMPL371172",0.90126035289881,0.00216353758103799,8.65362711911607e-151,"Dynamic"
"AMPL371792","AMPL371792",0.483831472812384,5.91900367838567e-14,1.5138205237633e-26,"Dynamic"
"AMPL371355","AMPL371355",0.707886208138274,7.72979573105498e-05,0,"Dynamic"
"AMPL355534","AMPL355534",0.805113431760891,4.26746501643996e-08,6.46461388917755e-48,"Dynamic"
"AMPL377174","AMPL377174",0.863017644940583,4.17199833666711e-52,2.38341023989777e-15,"Dynamic"
"AMPL366007","AMPL366007",0.878285920057615,1.13025497796085e-07,1.16195738134842e-09,"Dynamic"
"AMPL366182","AMPL366182",0.860785019805544,0.0108691384980164,0,"Static"
"AMPL371512","AMPL371512",0.424342815988475,0.0528183051971305,0,"Static"
"AMPL390462","AMPL390462",0.985956067698954,0.0582951232918936,0.000121876199850335,"Dynamic"
"AMPL378486","AMPL378486",0.877781778898095,4.45600543164115e-06,0,"Dynamic"
"AMPL371404","AMPL371404",0.306661865322289,4.73346143389856e-21,2.26109484719873e-10,"Dynamic"
"AMPL376643","AMPL376643",0.969535469931582,0.0278632160936956,1.94747190959783e-127,"Dynamic"
"AMPL390336","AMPL390336",0.529276197335261,1.17302260719751e-05,0,"Dynamic"
"AMPL390512","AMPL390512",0.92653943104069,0.0416785376257524,0,"Dynamic"
"AMPL371317","AMPL371317",0.427079582283034,9.47309331823722e-06,0,"Dynamic"
"AMPL371811","AMPL371811",0.800720201656466,6.50199948711215e-12,0,"Dynamic"
"AMPL376577","AMPL376577",0.846669067338857,0.0398874922222474,1.54788263720043e-14,"Static"
"AMPL376593","AMPL376593",0.437522506301765,0.0085570807027034,0,"Static"
"AMPL371251","AMPL371251",0.749513863881896,0.0063041905000244,0,"Static"
"AMPL371471","AMPL371471",0.948505581562837,2.01259840560808e-05,2.10856903781082e-08,"Dynamic"
"AMPL371303","AMPL371303",0.255167446885123,0.0266696107662699,0,"Static"
"AMPL377510","AMPL377510",0.925891249549873,0.00611927755534739,5.09239555993794e-226,"Dynamic"
"AMPL365861","AMPL365861",0.334605689593084,1.0272491344702e-26,2.5100469901141e-10,"Dynamic"
"AMPL371644","AMPL371644",0.589485055815628,3.07947278048264e-06,2.42262154130258e-276,"Dynamic"
"AMPL365729","AMPL365729",0.923010442924023,0.00641009515447226,8.84653486644835e-31,"Dynamic"
"AMPL388345","AMPL388345",0.351170327691755,0.001874311160975,0,"Static"
"AMPL371773","AMPL371773",0.641699675909231,1.16330470786925e-05,0,"Dynamic"
"AMPL371292","AMPL371292",0.526179330212452,0.00570490862383783,0,"Static"
"AMPL371810","AMPL371810",0.543896290961468,0.0101249929364853,0,"Static"
"AMPL376843","AMPL376843",0.900396110911051,4.00766465762232e-08,3.45407947527625e-83,"Dynamic"
"AMPL390223","AMPL390223",0.347857400072022,0.0244207090523308,0,"Static"
"AMPL371812","AMPL371812",0.797551314368023,0.00185080036972288,0,"Static"
"AMPL390215","AMPL390215",0.999711919337414,1,1,"Dynamic"
"AMPL371589","AMPL371589",0.616420597767375,9.73444468297951e-52,6.22056924549812e-18,"Dynamic"
"AMPL371389","AMPL371389",0.859848757652141,3.63827786805513e-27,1,"Dynamic"
"AMPL371271","AMPL371271",0.887144400432121,1.14093788593733e-17,1.44807133573054e-06,"Dynamic"
"AMPL371265","AMPL371265",0.67778177889809,1.02143205578667e-21,1.96159201731535e-17,"Dynamic"
"AMPL366159","AMPL366159",0.731076701476415,1.82031412274349e-43,8.8170418174979e-10,"Dynamic"
"AMPL371654","AMPL371654",0.767014764133956,9.59596050670397e-10,3.76438811780746e-212,"Dynamic"
"AMPL371420","AMPL371420",0.527979834353613,4.07275362856117e-43,1.34552615897501e-19,"Dynamic"
"AMPL355947","AMPL355947",0.677781778898101,2.09253652960125e-17,9.20048917461441e-244,"Dynamic"
"AMPL390594","AMPL390594",0.996975153042852,0.159069314911215,0.985710229949574,"Dynamic"
"AMPL355546","AMPL355546",0.668347137198415,2.1345406807434e-57,7.36978861238338e-14,"Dynamic"
"AMPL355932","AMPL355932",0.837882607129996,5.6625833929926e-05,0,"Dynamic"
"AMPL365895","AMPL365895",0.692401872524307,1.12978604107625e-22,3.24656593040357e-06,"Dynamic"
"AMPL365894","AMPL365894",0.66380986676269,4.27547886578139e-38,9.43905662173967e-14,"Dynamic"
"AMPL371600","AMPL371600",0.669931580842642,9.6378037920313e-24,4.57039956480131e-20,"Dynamic"
"AMPL355545","AMPL355545",0.974432841195534,0.150699669954693,1,"Dynamic"
"AMPL365945","AMPL365945",0.570615772416278,1.91505689861366e-05,6.34771006191138e-14,"Dynamic"
"AMPL365823","AMPL365823",0.489305005401508,5.7643090836124e-09,2.87387601517128e-24,"Dynamic"
"AMPL365750","AMPL365750",0.749729924378833,6.15879424550836e-38,9.36814713394187e-23,"Dynamic"
"AMPL371732","AMPL371732",0.519697515304286,0.000593364380878562,5.00713368427269e-286,"Static"
"AMPL371479","AMPL371479",0.741951746489021,2.65355368362302e-13,2.00290904667124e-68,"Dynamic"
"AMPL371488","AMPL371488",0.471876125315086,7.0345609947597e-15,5.52288606909853e-191,"Dynamic"
"AMPL365844","AMPL365844",0.373856679870365,0.106935073145066,1.2009696444977e-116,"Static"
"AMPL365790","AMPL365790",0.965214259992798,0.0501952341036097,8.72219839726801e-05,"Dynamic"
"AMPL371358","AMPL371358",0.397695354699312,2.40777398759826e-18,0.00247145198153565,"Dynamic"
"AMPL371262","AMPL371262",0.724882967230823,8.43725862412744e-16,8.08271879319963e-25,"Dynamic"
"AMPL366082","AMPL366082",0.692545912855604,1.9214274436276e-44,3.14654053294181e-18,"Dynamic"
"AMPL365923","AMPL365923",0.417428880086427,2.89068037624383e-08,6.64408450761335e-248,"Dynamic"
"AMPL390593","AMPL390593",0.772848397551315,6.30872992606824e-09,2.89474673939868e-46,"Dynamic"
"AMPL366042","AMPL366042",0.552250630176452,1.817803683577e-12,6.74740978056424e-20,"Dynamic"
"AMPL371491","AMPL371491",0.778682030968673,9.46072262801944e-05,2.63067479632399e-113,"Dynamic"
"AMPL371429","AMPL371429",0.834137558516391,4.7674253665811e-07,9.25797894405793e-229,"Dynamic"
"AMPL376551","AMPL376551",0.776665466330574,1.74104089878442e-54,1.64903408620069e-07,"Dynamic"
"AMPL376320","AMPL376320",0.724162765574359,0.19968028581065,2.31456406550354e-59,"Static"
"AMPL389990","AMPL389990",0.624126755491534,7.58145053210731e-09,1.53699675610816e-07,"Dynamic"
"AMPL366090","AMPL366090",0.352466690673385,9.73898237804989e-37,9.36681424092709e-40,"Dynamic"
"AMPL376917","AMPL376917",0.449693914296,4.28825228140553e-55,1.29578271422728e-25,"Dynamic"
"AMPL376929","AMPL376929",0.683975513143687,0.000146498926796815,6.10740838284796e-99,"Static"
"AMPL388261","AMPL388261",0.799063737846597,4.41632801558875e-05,9.65307280953151e-116,"Dynamic"
"AMPL366052","AMPL366052",0.714368023046456,1.81653981152781e-40,1.09021934533113e-45,"Dynamic"
"AMPL366022","AMPL366022",0.762549513863878,7.4464958083098e-46,4.36585784452805e-18,"Dynamic"
"AMPL388732","AMPL388732",0.630104429240188,1.21178050496472e-19,7.89143840400612e-17,"Dynamic"
"AMPL390447","AMPL390447",0.72193014043932,0.00538010721796986,2.36482300421729e-259,"Static"
"AMPL390601","AMPL390601",0.805689593086059,0.00133742206351825,0,"Static"
"AMPL366088","AMPL366088",0.474684911775296,5.7985593921141e-21,2.30960983869279e-24,"Dynamic"
"AMPL365853","AMPL365853",0.437018365142233,7.99503039749622e-12,3.86424534472007e-05,"Dynamic"
"AMPL390570","AMPL390570",0.664314007922224,0.00197135766541035,0,"Static"
"AMPL366029","AMPL366029",0.261937342455882,0.00155686941197748,0,"Static"
"AMPL388788","AMPL388788",0.527691753691031,6.38612771213961e-31,4.77860319668423e-33,"Dynamic"
"AMPL365896","AMPL365896",0.882247029168166,5.23887199825972e-21,0.000782087749723683,"Dynamic"
"AMPL388408","AMPL388408",0.617788980914649,0.00011961655289784,0,"Static"
"AMPL388483","AMPL388483",0.603312927619734,4.56735717515601e-17,3.21330719459475e-11,"Dynamic"
"AMPL389956","AMPL389956",0.318905293482165,0.00993902221856566,0,"Static"
"AMPL389970","AMPL389970",0.757580122434261,7.32139146926049e-16,0,"Dynamic"
"AMPL388223","AMPL388223",0.967662945624775,0.0555296507154429,1,"Dynamic"
"AMPL365981","AMPL365981",0.25603168887288,1.08387579196246e-09,1.55550043149688e-60,"Dynamic"
"AMPL390597","AMPL390597",0.489016924738922,2.96590106686103e-16,3.31160246804355e-22,"Dynamic"
"AMPL366053","AMPL366053",0.264314007922219,9.40955161594834e-30,6.6591293068317e-19,"Dynamic"
"AMPL390487","AMPL390487",0.667770975873244,4.76029141095511e-16,3.66211273141273e-12,"Dynamic"
"AMPL376483","AMPL376483",0.74677709758733,1.09622097978214e-06,1,"Dynamic"
"AMPL388272","AMPL388272",0.867482895210661,0.000322766178956526,8.33769445759442e-282,"Static"
"AMPL388372","AMPL388372",0.807634137558511,0.000989044633478952,0,"Static"
"AMPL388655","AMPL388655",0.420453727043574,3.25288608890276e-15,1.03931096017698e-06,"Dynamic"
"AMPL390581","AMPL390581",0.947641339575079,0.00689262913155738,5.23275305929443e-06,"Dynamic"
"AMPL388628","AMPL388628",0.831760893050058,0.00131184595993534,6.2817254931074e-70,"Static"
"AMPL388687","AMPL388687",0.238170687792582,4.25692835215047e-09,1.92026168612343e-133,"Dynamic"
"AMPL376587","AMPL376587",0.602160604969397,4.36516451592473e-21,7.59782251454588e-167,"Dynamic"
"AMPL388762","AMPL388762",0.626863521786099,5.16522102210041e-09,6.3956907640296e-302,"Dynamic"
"AMPL388291","AMPL388291",0.553186892329855,8.30252709699088e-24,1.57259877683443e-12,"Dynamic"
"AMPL376465","AMPL376465",0.806193734245589,0.000450937906937612,0,"Static"
"AMPL388609","AMPL388609",0.986676269355419,0.0415782251266913,1,"Dynamic"
"AMPL389976","AMPL389976",0.998343536190133,0.0690705987524321,1,"Dynamic"
"AMPL388660","AMPL388660",0.86489016924739,4.10752294476113e-07,3.44460153035293e-91,"Dynamic"
"AMPL388494","AMPL388494",0.847749369823555,0.000236984651578355,3.21488662592293e-72,"Static"
"AMPL388807","AMPL388807",0.0977313647821427,1.95234396301226e-07,1.28532828098095e-114,"Dynamic"
"AMPL388710","AMPL388710",0.388980914656107,1.8653142658875e-10,5.39629160308142e-16,"Dynamic"
"AMPL388618","AMPL388618",0.9731364782139,1.58900259443332e-05,0.232296756544317,"Dynamic"
"AMPL365753","AMPL365753",0.662009362621531,2.08296920494341e-06,7.36395775823772e-123,"Dynamic"
"AMPL376897","AMPL376897",0.891321570039613,0.00181492322937176,0,"Static"
"AMPL388620","AMPL388620",0.656679870363701,0.00346050664926266,0,"Static"
"AMPL376501","AMPL376501",0.990133237306447,0.000598171839174255,1,"Dynamic"
"AMPL390524","AMPL390524",0.825423118473176,0.11572931595304,3.94333640721245e-58,"Static"
"AMPL376938","AMPL376938",0.88001440403313,1.41735415863501e-10,3.59324772616839e-65,"Dynamic"
"AMPL376318","AMPL376318",0.391573640619367,2.72030458181535e-10,2.06644225578804e-63,"Dynamic"
"AMPL376298","AMPL376298",0.801008282319049,0.00152692936986023,6.19214708573668e-278,"Static"
"AMPL376389","AMPL376389",0.851062297443287,3.58570899448734e-13,2.48445747857949e-06,"Dynamic"
"AMPL388818","AMPL388818",0.289953186892328,1.06554434438968e-19,1.66604195034363e-14,"Dynamic"
"AMPL371802","AMPL371802",0.717464890169243,4.30810712127236e-11,3.8495637566542e-137,"Dynamic"
"AMPL388428","AMPL388428",0.0474612891609658,6.38909030944058e-06,1.13808442952143e-100,"Dynamic"
"AMPL390606","AMPL390606",0.948073460568959,7.72517192203705e-07,3.88415614044913e-13,"Dynamic"
"AMPL388351","AMPL388351",0.640331292761975,5.86905299312893e-08,0.0100719525804976,"Dynamic"
"AMPL371757","AMPL371757",0.794670507742162,2.01127304088343e-05,2.34183585356797e-184,"Dynamic"
"AMPL388260","AMPL388260",0.767879006121711,0.0451239609599282,2.60811626084077e-103,"Static"
"AMPL388402","AMPL388402",0.908822470291682,0.000121308905431419,1,"Dynamic"
"AMPL388730","AMPL388730",0.935109830752612,0.151152760418123,3.35675953018991e-14,"Dynamic"
"AMPL388354","AMPL388354",0.804249189773134,1.12763696965888e-26,8.84405082960928e-09,"Dynamic"
"AMPL388447","AMPL388447",0.969895570759811,1.34584177359693e-05,0.118081823403741,"Dynamic"
"AMPL390547","AMPL390547",0.43730644580482,7.49934321432365e-07,6.72296097065646e-45,"Dynamic"
"AMPL388634","AMPL388634",0.515808426359372,0.0106584289097627,0,"Static"
"AMPL390256","AMPL390256",0.477493698235505,2.62935540283432e-08,2.88495792831746e-161,"Dynamic"
"AMPL388671","AMPL388671",0.119841555635577,3.87059063636743e-28,1,"Dynamic"
"AMPL390079","AMPL390079",0.681166726683471,0.00130384929459355,0,"Static"
"AMPL376650","AMPL376650",0.0679150162045371,1.92444865124125e-24,2.61251602573953e-08,"Dynamic"
"AMPL388631","AMPL388631",0.866546633057257,0.0171179683315617,6.90412191645597e-153,"Static"
"AMPL388478","AMPL388478",0.772488296723092,0.0208266488353726,3.77290824975143e-133,"Static"
"AMPL388530","AMPL388530",0.689593086064101,0.0503114228119113,5.0354909436981e-39,"Static"
"AMPL388514","AMPL388514",0.888080662585519,1.07717286383178e-07,0,"Dynamic"
"AMPL376689","AMPL376689",0.176089305005401,2.02050001254934e-26,5.98918836011758e-13,"Dynamic"
"AMPL371322","AMPL371322",0.506085703997122,1.99177129661003e-16,0,"Dynamic"
"AMPL366150","AMPL366150",0.955995678790062,0.0481712889661294,0.158525461505061,"Dynamic"
"AMPL390130","AMPL390130",0.8566798703637,0.000172496350873631,0,"Static"
"AMPL376310","AMPL376310",0.760965070219667,0.0400490355463198,0,"Static"
"AMPL388450","AMPL388450",0.811667266834711,0.00291338080653985,0,"Static"
"AMPL388761","AMPL388761",0.767590925459128,0.00039463887708198,1.20179332665596e-32,"Static"
"AMPL388758","AMPL388758",0.783291321570044,9.65926984603313e-06,9.47642408991698e-20,"Dynamic"
"AMPL388232","AMPL388232",0.659704717320845,2.02398184879476e-38,5.25718192958081e-16,"Dynamic"
"AMPL366102","AMPL366102",0.362837594526467,2.05336505287707e-08,1,"Dynamic"
"AMPL388796","AMPL388796",0.706661865322285,0.00816110115194785,0,"Static"
"AMPL388861","AMPL388861",0.673676629456246,0.0138977991071461,6.46059102020471e-47,"Static"
"AMPL376698","AMPL376698",0.79863161685272,5.12262757674441e-09,1.3392160724774e-124,"Dynamic"
"AMPL388801","AMPL388801",0.384587684551674,1.90970106802346e-09,5.10460231722919e-54,"Dynamic"
"AMPL388346","AMPL388346",0.917680950666191,3.33157726231392e-13,3.69807565122962e-19,"Dynamic"
"AMPL388246","AMPL388246",0.766438602808784,8.81849342799141e-58,4.03586263718923e-11,"Dynamic"
"AMPL388335","AMPL388335",0.591933741447606,3.86033786604104e-76,1.81399657793616e-19,"Dynamic"
"AMPL388203","AMPL388203",0.0603528988116675,5.06085065223752e-32,1.68774280855386e-16,"Dynamic"
"AMPL388780","AMPL388780",0.926467410875045,0.000884694935260251,4.784429882123e-42,"Dynamic"
"AMPL376517","AMPL376517",0.241627655743607,4.58092423620757e-20,1.93908654934964e-184,"Dynamic"
"AMPL388186","AMPL388186",0.923082463089665,6.73187748385567e-21,0.568639657567102,"Dynamic"
"AMPL389962","AMPL389962",0.158444364422044,0.0445447453784075,3.5327723396841e-08,"Dynamic"
"AMPL390347","AMPL390347",0.995894850558156,0.00316728817355067,1,"Dynamic"
"AMPL388535","AMPL388535",0.983435361901333,0.137180987605758,1,"Dynamic"
"AMPL390499","AMPL390499",0.964494058336338,0.00960479996053633,2.15292502045007e-11,"Dynamic"
"AMPL388355","AMPL388355",0.817572920417717,0.000100796237172747,6.33946148679388e-23,"Dynamic"
"AMPL388466","AMPL388466",0.23622614332013,8.27706102270157e-13,7.33865963690923e-06,"Dynamic"
"AMPL371208","AMPL371208",0.166438602808786,2.68393392707237e-14,0.0401776366746855,"Dynamic"
"AMPL376470","AMPL376470",0.549369823550596,1.66063120561186e-13,3.08477400792838e-17,"Dynamic"
"AMPL390220","AMPL390220",0.927979834353626,0.000430257731567213,7.45056821802877e-25,"Dynamic"
"AMPL365733","AMPL365733",0.291609650702196,9.0603823277658e-25,1.47630932310799e-77,"Dynamic"
"AMPL390037","AMPL390037",0.663449765934467,2.25339659908801e-15,7.42101598835474e-39,"Dynamic"
"AMPL388527","AMPL388527",0.999567879006122,0.0216594648277158,1,"Dynamic"
"AMPL371607","AMPL371607",0.760172848397548,9.34524283153334e-24,1.32199661587217e-16,"Dynamic"
"AMPL366035","AMPL366035",0.67396471011883,3.70839589535565e-07,1.55422656310764e-50,"Dynamic"
"AMPL388561","AMPL388561",0.792293842275837,4.35302879371241e-16,1,"Dynamic"
"AMPL388770","AMPL388770",0.391717680950665,6.07035610539676e-57,2.83438863043226e-20,"Dynamic"
"AMPL371584","AMPL371584",0.576089305005394,4.09477636382194e-06,1.45753380338802e-32,"Dynamic"
"AMPL376449","AMPL376449",0.711271155923658,0.0063861234188498,0,"Static"
"AMPL388341","AMPL388341",0.485415916456608,2.24809431283512e-34,7.53869459401185e-17,"Dynamic"
"AMPL376728","AMPL376728",0.767590925459126,4.98330095548123e-11,1.56306006309699e-188,"Dynamic"
"AMPL388743","AMPL388743",0.527475693194091,0.000883635801190888,1.83065926700465e-08,"Static"
"AMPL389965","AMPL389965",0.647101188332737,0.000468816377876474,5.1765363045653e-205,"Static"
"AMPL390408","AMPL390408",0.820453727043573,1.14866810216769e-10,1.2954228325423e-173,"Dynamic"
"AMPL388704","AMPL388704",0.900972272236222,4.51585828262569e-21,8.29051060796372e-93,"Dynamic"
"AMPL376635","AMPL376635",0.111415196254951,3.2257333974231e-12,1.08841865655632e-19,"Dynamic"
"AMPL376822","AMPL376822",0.705365502340656,0.0868790438280194,0,"Static"
"AMPL388622","AMPL388622",0.989124954987397,2.59303007999414e-08,1.18693119142756e-54,"Dynamic"
"AMPL388484","AMPL388484",0.869715520345697,0.0747419446582224,0,"Static"
"AMPL365968","AMPL365968",0.641915736406197,1.84699164230961e-14,2.89538268217657e-06,"Dynamic"
"AMPL388258","AMPL388258",0.642491897731365,2.637914186007e-06,3.21971435739589e-16,"Dynamic"
"AMPL388686","AMPL388686",0.931580842635944,7.32246198310478e-06,5.08806383095567e-265,"Dynamic"
"AMPL388512","AMPL388512",0.9074540871444,9.54013721583866e-05,1.49773116618156e-292,"Dynamic"
"AMPL388458","AMPL388458",0.682895210658985,0.158996521237473,0,"Static"
"AMPL366136","AMPL366136",0.149297803384948,9.50864457230083e-30,1,"Dynamic"
"AMPL388455","AMPL388455",0.424414836154123,2.31108597639126e-23,2.34895480934761e-12,"Dynamic"
"AMPL376502","AMPL376502",0.955131436802305,0.0316638506739188,1.63344784737982e-34,"Dynamic"
"AMPL388549","AMPL388549",0.767879006121711,2.13341770725574e-15,3.30517613919647e-71,"Dynamic"
"AMPL376366","AMPL376366",0.853583003240907,3.02699900550939e-06,1.2139354367335e-175,"Dynamic"
"AMPL371643","AMPL371643",0.518113071660065,0.00238478912472746,5.48347017496692e-144,"Static"
"AMPL388299","AMPL388299",0.532589124954982,8.36042144923458e-06,5.43460147588844e-207,"Dynamic"
"AMPL376820","AMPL376820",0.583795462729562,0.0651217788321384,0,"Static"
"AMPL388421","AMPL388421",0.317897011163126,7.97285554331753e-21,2.65899095417626e-10,"Dynamic"
"AMPL388285","AMPL388285",0.571119913575802,2.15376894003293e-06,6.98696819881981e-97,"Dynamic"
"AMPL388552","AMPL388552",0.753402952826787,3.97984798211966e-07,4.36780100631502e-113,"Dynamic"
"AMPL388638","AMPL388638",0.404825351098308,7.2238779113321e-07,0,"Dynamic"
"AMPL388473","AMPL388473",0.95261073100468,1.00754994356335e-05,7.72947791898909e-26,"Dynamic"
"AMPL388347","AMPL388347",0.921209938782857,9.82274836180778e-05,1,"Dynamic"
"AMPL390420","AMPL390420",0.844652502700756,0.00579340587862579,0,"Static"
"AMPL376955","AMPL376955",0.859416636658262,1.06794670764966e-31,1.95386000353856e-44,"Dynamic"
"AMPL388551","AMPL388551",0.676557436082102,4.76012668478229e-06,1.6605608231126e-21,"Dynamic"
"AMPL388678","AMPL388678",0.175513143680229,1.08243287692983e-19,0.360072161751623,"Dynamic"
"AMPL388395","AMPL388395",0.79063737846597,0.0141615397326256,1.72852084665357e-111,"Static"
"AMPL376948","AMPL376948",0.944544472452283,0.000375764631154072,1,"Dynamic"
"AMPL388262","AMPL388262",0.73158084263594,4.85675167115733e-11,2.02826594880548e-47,"Dynamic"
"AMPL376497","AMPL376497",0.948145480734607,3.86633493338735e-13,1,"Dynamic"
"AMPL376696","AMPL376696",0.935469931580843,1.07645941230346e-08,1.34341685709513e-06,"Dynamic"
"AMPL390052","AMPL390052",0.840619373424567,0.000422210503164507,1.96217270386208e-290,"Static"
"AMPL388462","AMPL388462",0.825207057976236,0.00926063636151064,0,"Static"
"AMPL388705","AMPL388705",0.867915016204539,7.47037713431128e-19,1.49694232700909e-26,"Dynamic"
"AMPL388399","AMPL388399",0.940655383507382,1.38208089231679e-06,2.78427996335914e-17,"Dynamic"
"AMPL365899","AMPL365899",0.996975153042852,0.0462926479689244,1,"Dynamic"
"AMPL388227","AMPL388227",0.994814548073461,0.0958939792812638,1,"Dynamic"
"AMPL390407","AMPL390407",0.817140799423838,0.000188183043491366,5.53126490001995e-249,"Static"
"AMPL376300","AMPL376300",0.652070579762333,1.69540373270631e-15,5.79704092173046e-96,"Dynamic"
"AMPL371550","AMPL371550",0.985451926539431,0.00914483865335901,1,"Dynamic"
"AMPL388498","AMPL388498",0.990853438962909,0.000597977098598567,1.39959780429029e-21,"Dynamic"
"AMPL388576","AMPL388576",0.563413755851638,2.51625140780728e-54,2.88959878694659e-31,"Dynamic"
"AMPL388583","AMPL388583",0.944184371624052,9.0737708216871e-07,3.23413019650581e-68,"Dynamic"
"AMPL388659","AMPL388659",0.802160604969393,2.21036175655166e-68,1.46671787707534e-10,"Dynamic"
"AMPL388750","AMPL388750",0.807418077061576,1.54112726086852e-08,5.32785788386512e-23,"Dynamic"
"AMPL388196","AMPL388196",0.537918617212816,7.84204722377344e-09,2.26918988113404e-63,"Dynamic"
"AMPL365903","AMPL365903",0.818149081742888,6.07348715861912e-34,8.1259717548613e-18,"Dynamic"
"AMPL388787","AMPL388787",0.712567518905289,9.30897789761102e-05,1.86454460820043e-306,"Dynamic"
"AMPL371416","AMPL371416",0.162117392870005,1.97322124880437e-12,1.0477385260123e-170,"Dynamic"
"AMPL388764","AMPL388764",0.458048253510985,0.00038863468066673,2.89384201590875e-40,"Static"
"AMPL388516","AMPL388516",0.967518905293482,0.0369378914418151,0,"Dynamic"
"AMPL388340","AMPL388340",0.853006841915737,6.84020795271265e-09,2.44488458118985e-84,"Dynamic"
"AMPL388669","AMPL388669",0.836658264314016,8.08965928337828e-08,1.81358601961151e-13,"Dynamic"
"AMPL390342","AMPL390342",0.809722722362258,7.33258935023819e-06,0,"Dynamic"
"AMPL390501","AMPL390501",0.843212099387828,0.0157314266435279,1.16725500417652e-44,"Static"
"AMPL371192","AMPL371192",0.977529708318329,1.28822255266044e-07,1.44293913839401e-06,"Dynamic"
"AMPL371350","AMPL371350",0.873676629456251,2.66460999128708e-24,4.65953350546012e-27,"Dynamic"
"AMPL371563","AMPL371563",0.559236586244148,3.4510945193299e-47,8.44555580779364e-49,"Dynamic"
"AMPL388267","AMPL388267",0.652430680590572,0.0245419811675554,4.68165498462387e-152,"Static"
"AMPL388519","AMPL388519",0.594742527907816,1.44621158967905e-08,0,"Dynamic"
"AMPL371481","AMPL371481",0.816204537270435,2.38264304451292e-22,0.000123131964318162,"Dynamic"
"AMPL388523","AMPL388523",0.305365502340655,1.96097098747579e-50,7.69187570590605e-30,"Dynamic"
"AMPL371259","AMPL371259",0.720705797623334,3.27817481182495e-20,1.18955255276271e-35,"Dynamic"
"AMPL371738","AMPL371738",0.799927979834351,0.00231599887697686,0,"Static"
"AMPL378293","AMPL378293",0.492473892689952,8.76147399637287e-17,2.48461732345628e-06,"Dynamic"
"AMPL376786","AMPL376786",0.854303204897371,6.26990253168877e-08,1.95772633287829e-31,"Dynamic"
"AMPL388308","AMPL388308",0.939503060857042,0.0338226464842097,3.2263996950129e-138,"Dynamic"
"AMPL388781","AMPL388781",0.665970471732083,0.050993046463445,1.13501352355793e-283,"Static"
"AMPL371745","AMPL371745",0.673604609290598,2.40623706265748e-34,1.37165798560032e-14,"Dynamic"
"AMPL388745","AMPL388745",0.771335974072741,0.0132620094250142,0,"Static"
"AMPL388463","AMPL388463",0.744112351458409,9.64075242394546e-09,8.9493397702033e-20,"Dynamic"
"AMPL388544","AMPL388544",0.976593446164926,0.001184736128138,1,"Dynamic"
"AMPL389969","AMPL389969",0.973352538710838,0.000355418839020671,1,"Dynamic"
"AMPL388279","AMPL388279",0.862801584443644,0.0169508776051994,6.29203494487534e-277,"Static"
"AMPL371202","AMPL371202",0.678862081382786,0.00990948966957699,0,"Static"
"AMPL388442","AMPL388442",0.780698595606771,0.00818072188459536,0,"Static"
"AMPL371406","AMPL371406",0.926971552034573,0.00406709361137254,3.08777732252978e-40,"Dynamic"
"AMPL390432","AMPL390432",0.86561037090385,0.029900359783835,9.5610217281452e-81,"Static"
"AMPL371562","AMPL371562",0.98545192653943,0.00454212855616607,1,"Dynamic"
"AMPL388465","AMPL388465",0.636658264314008,3.52551501764353e-05,2.56354031834608e-175,"Dynamic"
"AMPL371555","AMPL371555",0.88858480374505,0.000706476816211732,1.75158873779381e-20,"Static"
"AMPL389988","AMPL389988",0.719409434641696,0.00140414145140791,3.61373477952831e-142,"Static"
"AMPL371327","AMPL371327",0.789341015484336,8.34296395949823e-12,5.80095351344499e-33,"Dynamic"
"AMPL377634","AMPL377634",0.911919337414478,4.50472159290974e-05,7.15678247865284e-12,"Dynamic"
"AMPL388836","AMPL388836",0.726107310046813,5.41753732375257e-05,1.94471365695793e-10,"Dynamic"
"AMPL390397","AMPL390397",0.872812387468493,0.000867995854314078,0.000326031573055693,"Static"
"AMPL388489","AMPL388489",0.851350378105869,0.111786108319896,0,"Static"
"AMPL371674","AMPL371674",0.968815268275115,0.0030202460647462,1.60205709052406e-08,"Dynamic"
"AMPL388468","AMPL388468",0.956283759452648,0.00452390652756925,1,"Dynamic"
"AMPL371476","AMPL371476",0.811091105509539,0.0187859957743772,2.58141576985729e-47,"Static"
"AMPL371466","AMPL371466",0.562045372704364,9.12995474221247e-09,9.03567260310994e-49,"Dynamic"
"AMPL371764","AMPL371764",0.882895210658981,0.00606391176905718,7.06353647694419e-62,"Static"
"AMPL390235","AMPL390235",0.940583363341735,0.0112503260766553,2.02168770200204e-127,"Dynamic"
"AMPL388782","AMPL388782",0.973280518545192,0.095931372901607,1,"Dynamic"
"AMPL371324","AMPL371324",0.951602448685631,8.86897217534242e-11,1,"Dynamic"
"AMPL388775","AMPL388775",0.271011883327331,0.00014295754607305,0,"Static"
"AMPL390374","AMPL390374",0.948073460568959,0.00681523198503326,1,"Dynamic"
"AMPL371524","AMPL371524",0.653583003240905,5.54289396164725e-11,2.69388432298132e-28,"Dynamic"
"AMPL390274","AMPL390274",0.929996398991717,3.30276307767894e-05,1,"Dynamic"
"AMPL388433","AMPL388433",0.711919337414477,2.84600385832015e-33,2.41762649904025e-36,"Dynamic"
"AMPL388593","AMPL388593",0.831904933381345,0.000737739145900941,1.03824020613627e-36,"Static"
"AMPL388242","AMPL388242",0.452934821750089,0.00144609339606304,0,"Static"
"AMPL388286","AMPL388286",0.938926899531868,0.000164667804993239,9.62935104771246e-10,"Dynamic"
"AMPL388663","AMPL388663",0.417861001080303,1.66209855262491e-08,7.8347636577276e-73,"Dynamic"
"AMPL377123","AMPL377123",0.265610370903854,6.14752024865056e-16,3.10086123968007e-20,"Dynamic"
"AMPL388579","AMPL388579",0.981850918257113,0.0569282974436834,0.000158841606305738,"Dynamic"
"AMPL390555","AMPL390555",0.654159164566083,1.17183192618646e-25,0.0114884349482821,"Dynamic"
"AMPL388427","AMPL388427",0.487864602088584,0.00474127266058675,0,"Static"
"AMPL388684","AMPL388684",0.753763053655033,0.0153037601697064,0,"Static"
"AMPL388795","AMPL388795",0.968023046453008,2.91895758805526e-06,0.000589355419463889,"Dynamic"
"AMPL371656","AMPL371656",0.918401152322654,0.0235689368387014,2.39737571550699e-31,"Dynamic"
"AMPL388365","AMPL388365",0.836082102988835,1.05212383592404e-66,3.67140981574202e-05,"Dynamic"
