"","PVal","AvgMeth","PValClone"
"AMPL376447",3.40376977469761e-33,0.198847677349658,0.12970783331758
"AMPL371688",6.62018920415138e-11,0.100324090745409,1
"AMPL371137",2.4905900989457e-11,0.664097947425279,1
"AMPL371170",1.80132020041809e-18,0.216348577601728,0.00139029675747973
"AMPL366134",8.62202183702787e-31,0.820165646380987,1.38369757766957e-05
"AMPL366093",1.84312232461391e-29,0.111487216420598,2.7341390538237e-22
"AMPL365920",6.33571024297231e-23,0.0554555275477134,1
"AMPL366060",2.49583048877247e-42,0.371840115232265,5.28746047324794e-10
"AMPL377076",2.36381300822366e-25,0.136190133237306,1.46508478256281e-16
"AMPL366212",1.61170271800441e-09,0.65034209578682,0.0641134587607488
"AMPL355442",2.51716105258937e-15,0.0518545192653943,0.000157544637008229
"AMPL355412",2.53112807199498e-25,0.164998199495859,1.10006419976985e-16
"AMPL371357",8.52432552882284e-21,0.084695714800144,0.00121448516914566
"AMPL355663",1.03461548878284e-13,0.104429240187252,0.948096677694257
"AMPL355970",3.25746893301442e-07,0.641267554915376,0
"AMPL377391",9.36630340366314e-12,0.280374504861361,0.000418039829335651
"AMPL371668",8.49515643208129e-28,0.233201296362982,1.30509210087166e-08
"AMPL365990",1.97039742288348e-35,0.0535830032409075,9.34492457418944e-14
"AMPL371572",2.44939971799689e-06,0.689593086064098,2.19501874300283e-16
"AMPL365938",9.74866715509383e-55,0.377241627655744,3.02944446960698e-07
"AMPL365905",1.05764038185962e-21,0.259488656823911,4.00975725411443e-17
"AMPL376910",5.24915301841317e-19,0.385091825711199,3.00967020001741e-16
"AMPL366045",2.46337764502395e-20,0.0755491537630537,0.545830984204171
"AMPL376601",4.92521154258225e-13,0.287792581922938,1
"AMPL365939",3.01931990416943e-19,0.585163845876846,0.278506230286102
"AMPL371758",5.75745904574869e-37,0.120489737126395,0.000188962478790235
"AMPL366066",1.00906713344841e-27,0.0967230824630897,3.8100503428955e-05
"AMPL355903",1.9811808186796e-06,0.114944184371624,1
"AMPL371618",5.87749965062735e-21,0.241339575081023,1.46239217517036e-23
"AMPL371676",2.0663965243871e-16,0.621678069859561,0.0122861979550747
"AMPL376711",5.65937273524616e-21,0.19423838674829,0.336299768336383
"AMPL355560",3.09616066263387e-24,0.0828231904933381,1
"AMPL365802",1.36184802242379e-10,0.417933021245949,1.7934016785946e-74
"AMPL365898",3.07097747719421e-29,0.0727403673028448,1
"AMPL371673",2.15660608198737e-05,0.246597047173208,1
"AMPL371378",4.6896087790541e-14,0.225351098307526,1.32703317931207e-130
"AMPL366081",8.01248442750974e-27,0.335613971912135,1.03606643615292e-47
"AMPL366000",1.53189635332671e-26,0.471588044652503,0.00583259997866763
"AMPL371214",2.31218456578518e-12,0.440907454087144,0.0107260896972887
"AMPL355849",2.66518186301992e-36,0.347641339575081,1.84497987681971e-10
"AMPL371741",6.19483329602727e-42,0.140799423838675,4.05747008591524e-26
"AMPL371701",6.1524794654054e-26,0.13035649981995,4.27317199926268e-09
"AMPL371188",3.93275038830621e-22,0.316672668347137,2.13541341139262e-10
"AMPL371743",1.16716645095005e-30,0.329636298163486,5.55769686623311e-48
"AMPL366028",2.34970676682115e-44,0.174864962189413,1.03994656465305e-113
"AMPL376554",2.83999669209957e-24,0.0617212819589485,1
"AMPL371788",1.07180540145515e-23,0.0859200576161325,1
"AMPL355637",1.78081307274411e-07,0.60079222182211,8.72076402536993e-20
"AMPL371503",1.03035702872138e-13,0.66805905653583,1.99037383432766e-11
"AMPL371535",4.7833365436172e-18,0.185595966870724,4.117949443798e-19
"AMPL371418",3.77426670054997e-23,0.383003240907454,1.20851325351424e-18
"AMPL366243",2.99514316737812e-26,0.140943464169968,0.00171659680962091
"AMPL371353",6.57726424204013e-34,0.325387108390349,0.00723490836364988
"AMPL371655",1.776443771808e-11,0.0848397551314368,1.35448739294189e-06
"AMPL376642",2.94762688451284e-20,0.490961469211379,5.57385714877842e-07
"AMPL365953",8.95669460042481e-10,0.508102268635218,0.39193763511886
"AMPL371580",6.40346041623415e-25,0.150018005041412,1
"AMPL371359",1.10423484616874e-28,0.615556355779618,1.70481583407009e-15
"AMPL365901",3.41936632170353e-35,0.184371624054735,2.26886324754431e-54
"AMPL371570",0.0200893004331552,0.986028087864602,1
"AMPL371814",6.23669936529636e-10,0.260568959308606,1.77260017049481e-54
"AMPL371312",2.79843398879224e-17,0.300684191573641,1.66103218670646e-11
"AMPL365804",1.04962680445036e-07,0.563917897011163,4.12053742367513e-07
"AMPL371677",7.57983427569717e-15,0.147569319409435,0.000102263632124173
"AMPL366031",3.19009729888485e-28,0.301764494058336,1
"AMPL365795",3.33434952750762e-37,0.225207057976233,2.44077255020529e-40
"AMPL371606",1.70195464692289e-07,0.208642419877566,4.39858944303167e-08
"AMPL371716",3.51544735535381e-33,0.734389629096147,1.12439783083918e-126
"AMPL371452",1.16137722236534e-07,0.833057256031689,6.35378817673412e-26
"AMPL371736",9.14079102906225e-19,0.678069859560677,2.09985496675279e-32
"AMPL365943",9.50958510648114e-30,0.318473172488297,1
"AMPL365818",8.65043080310612e-26,0.173424558876485,7.53971392762977e-26
"AMPL371486",0.0709505697217606,0.818365142239827,1
"AMPL366056",2.70635707664945e-08,0.241051494418437,0.000639544441178269
"AMPL377538",2.47122209506116e-05,0.20835433921498,9.51249212512836e-22
"AMPL371185",1.11097232672612e-10,0.442851998559597,5.81835747059679e-17
"AMPL371805",4.2618225909495e-09,0.171624054735326,1
"AMPL371231",0.00778977113293215,0.879294202376665,7.41843288781664e-14
"AMPL371552",2.39668760501889e-34,0.403456967951026,1
"AMPL371720",2.9014178830018e-15,0.296290961469211,2.23886133768136e-07
"AMPL365907",2.59667760223588e-13,0.0128195894850558,0.886161415063815
"AMPL371197",1.56605962801426e-43,0.202160604969391,2.84396652527274e-11
"AMPL371323",2.15339630359607e-19,0.926539431040691,1
"AMPL366142",2.21287908905759e-12,0.752538710839035,1.01632941170739e-228
"AMPL355654",2.00627901139116e-11,0.733165286280158,1.27580477538927e-169
"AMPL365828",1.53921588328399e-27,0.241915736406194,2.44936601073024e-08
"AMPL355639",0.000631315389200841,0.413755851638459,9.07856283714593e-141
"AMPL376721",1.5469251907637e-07,0.956859920777818,2.86505387887782e-25
"AMPL389964",8.24109434092337e-14,0.884551674468851,0
"AMPL390252",0.00332936677398349,0.93611811307166,1.1658826952733e-05
"AMPL365731",0.0006290111232823,0.62448685631977,0
"AMPL376850",0.00141020726287095,0.601440403312928,0
"AMPL376373",3.48500091506838e-05,0.937990637378466,5.86259723736637e-08
"AMPL377317",1.78174314480397e-09,0.653583003240907,1.90298266359496e-49
"AMPL377328",0.0305847139841593,0.867770975873244,8.14947421859385e-181
"AMPL390370",0.0101563931542,0.546849117752971,0
"AMPL371591",0.0333066029648518,0.849909974792942,3.43151083732954e-135
"AMPL371522",0.000313368625816572,0.881022686352179,0
"AMPL390025",0.0426778516317314,0.760676989557076,0
"AMPL371508",3.55281392873572e-10,0.844508462369463,0.00465793740394103
"AMPL355615",7.56810742668753e-05,0.553763053655023,0
"AMPL376609",6.31202088431393e-06,0.91501620453727,3.15590771369927e-07
"AMPL388228",0.0798857688292991,0.481238746849118,0
"AMPL371634",0.0241513376703681,0.995750810226864,0.11133886659105
"AMPL371541",0.000101656161849519,0.504501260352899,4.48168961331737e-89
"AMPL388797",0.000406352394490958,0.46726683471372,0
"AMPL371547",0.122377431506259,0.709038530788621,0
"AMPL355851",8.38493589058072e-18,0.724882967230825,5.15877738756562e-40
"AMPL376496",2.54035038116627e-19,0.77472092185812,8.78092876289464e-12
"AMPL376957",0.0058486101453274,0.923514584083543,7.88344344192689e-230
"AMPL377097",2.94033283185816e-15,0.391789701116313,8.87686821556457e-125
"AMPL371255",0.000176955581803568,0.650846236946345,4.10768524837032e-141
"AMPL371813",0.00388613779435465,0.895930860640979,1.46763135564812e-43
"AMPL388838",0.0767107238481703,0.987828592005762,1
"AMPL376591",0.150173912526754,0.87900612171408,4.80344810700755e-161
"AMPL377144",0.00405701146503774,0.988620813827872,1
"AMPL371421",1.86996611713228e-22,0.703781058696435,0.187108229723001
"AMPL376854",2.71850716851386e-06,0.0787180410514944,0
"AMPL371238",6.73321439897503e-74,0.846813107670148,6.39289061644858e-05
"AMPL388681",0.000406899190194531,0.467626935541952,0
"AMPL371217",0.000504589138322287,0.81591645660785,1.83774448600501e-238
"AMPL371186",6.28206853660835e-17,0.153330932661145,0.061862360417951
"AMPL378478",0.0502917561435943,0.699171768095067,3.67445804523104e-93
"AMPL390117",6.23321264504539e-23,0.870507742167807,1.96547188184445e-07
"AMPL390585",0.00161526572813979,0.604537270435722,1
"AMPL390129",0.0034030767010678,0.710262873604609,0
"AMPL371237",4.6381929868036e-24,0.66964350018005,3.52552411800734e-24
"AMPL355844",0.0293645245476083,0.979978393950306,1
"AMPL376597",2.09547492406727e-85,0.770327691753691,1.3228728838483e-07
"AMPL365812",0.0515424273521478,0.41850918257112,9.73122882260826e-304
"AMPL390097",0.0016890657581757,0.885271876125315,6.52639295548144e-120
"AMPL355829",0.0322826205777422,0.832553114872164,7.07106706407548e-133
"AMPL355873",0.0106544463594192,0.792221822110191,1.61369218154228e-73
"AMPL355742",2.28650275514439e-06,0.043284119553475,1
"AMPL355889",8.69347719738548e-10,0.19661505221462,2.80834488411413e-11
"AMPL365997",3.01636492305885e-07,0.58826071299964,0.000150098161183472
"AMPL376733",8.86421740993915e-12,0.469283399351819,0
"AMPL390626",0.000149777033004493,0.290025207057976,0
"AMPL365730",0.000244251837644012,0.608786460208859,2.43234085567739e-211
"AMPL390006",1.42257147394277e-08,0.989629096146921,1
"AMPL371756",7.23374579806701e-22,0.797047173208498,2.70480866357296e-135
"AMPL355580",0.00603104217983477,0.850270075621174,0
"AMPL365940",5.42707019470852e-08,0.877709758732445,2.80900333736797e-220
"AMPL366193",2.1737746538087e-23,0.485992077781779,0.000916558348748754
"AMPL377424",0.00791317959435813,0.906157724162766,1.85480223660073e-66
"AMPL377537",8.87253275317821e-05,0.0610731004681311,1
"AMPL378928",0.000282169396322091,0.822542311847317,9.43340905181806e-72
"AMPL378501",0.0309729803041509,0.607922218221102,0
"AMPL388692",6.76355139986745e-08,0.844148361541232,7.97871228535031e-112
"AMPL355676",0.00200177124087656,0.739719121353979,7.82676082458032e-135
"AMPL355831",0.00184051169309776,0.49413035649982,0
"AMPL376547",0.00343770251932005,0.976449405833633,0.00499575876607603
"AMPL371772",0.000125617615990316,0.746921137918617,0
"AMPL371261",0.115038995829949,0.998703637018365,1
"AMPL371729",2.96856939679033e-23,0.529276197335254,2.36949247600306e-07
"AMPL371483",0.0133959932390234,0.862153402952827,6.9556970397415e-199
"AMPL371172",0.00216353758103612,0.901260352898812,8.65362711911561e-151
"AMPL371792",5.9190036783831e-14,0.483831472812387,1.5138205237633e-26
"AMPL371355",7.72979573106272e-05,0.707886208138279,0
"AMPL355534",4.26746501643579e-08,0.805113431760893,6.46461388917693e-48
"AMPL377174",4.17199833675195e-52,0.863017644940583,2.38341023989764e-15
"AMPL366007",1.1302549779585e-07,0.878285920057616,1.16195738134841e-09
"AMPL366182",0.0108691384980217,0.860785019805546,0
"AMPL371512",0.0528183051971593,0.424342815988477,0
"AMPL390462",0.0582951232919203,0.985956067698956,0.000121876199850336
"AMPL378486",4.45600543164163e-06,0.877781778898092,0
"AMPL371404",4.73346143384535e-21,0.30666186532229,2.26109484719869e-10
"AMPL376643",0.0278632160936836,0.969535469931581,1.94747190959793e-127
"AMPL390336",1.17302260720046e-05,0.529276197335254,0
"AMPL390512",0.0416785376257486,0.926539431040691,0
"AMPL371317",9.4730933182298e-06,0.427079582283039,0
"AMPL371811",6.50199948709988e-12,0.800720201656464,0
"AMPL376577",0.0398874922221999,0.846669067338855,1.54788263720037e-14
"AMPL376593",0.00855708070269095,0.437522506301764,0
"AMPL371251",0.00630419050002125,0.749513863881887,0
"AMPL371471",2.01259840560137e-05,0.948505581562838,2.10856903781081e-08
"AMPL371303",0.0266696107662872,0.255167446885128,0
"AMPL377510",0.00611927755535787,0.925891249549874,5.09239555993682e-226
"AMPL365861",1.0272491344686e-26,0.334605689593086,2.51004699011419e-10
"AMPL371644",3.07947278048689e-06,0.589485055815628,2.42262154130285e-276
"AMPL365729",0.00641009515447133,0.923010442924019,8.84653486644857e-31
"AMPL388345",0.00187431116097406,0.351170327691754,0
"AMPL371773",1.16330470786903e-05,0.641699675909255,0
"AMPL371292",0.00570490862383412,0.526179330212459,0
"AMPL371810",0.0101249929364609,0.543896290961469,0
"AMPL376843",4.00766465762374e-08,0.900396110911055,3.45407947527625e-83
"AMPL390223",0.0244207090523253,0.34785740007202,0
"AMPL371812",0.00185080036972035,0.797551314368023,0
"AMPL390215",1,0.999711919337414,1
"AMPL371589",9.7344446830603e-52,0.616420597767375,6.22056924549825e-18
"AMPL371389",3.63827786804696e-27,0.859848757652143,1
"AMPL371271",1.14093788592225e-17,0.887144400432121,1.44807133573051e-06
"AMPL371265",1.02143205578579e-21,0.677781778898091,1.96159201731529e-17
"AMPL366159",1.82031412273998e-43,0.731076701476413,8.8170418174979e-10
"AMPL371654",9.5959605066964e-10,0.767014764133958,3.76438811780664e-212
"AMPL371420",4.07275362856209e-43,0.527979834353619,1.34552615897501e-19
"AMPL355947",2.09253652958524e-17,0.677781778898091,9.20048917461441e-244
"AMPL390594",0.1590693149112,0.996975153042852,0.985710229949585
"AMPL355546",2.13454068076615e-57,0.668347137198416,7.36978861238322e-14
"AMPL355932",5.66258339299055e-05,0.837882607129996,0
"AMPL365895",1.12978604107277e-22,0.692401872524307,3.24656593040362e-06
"AMPL365894",4.27547886575314e-38,0.663809866762694,9.43905662173977e-14
"AMPL371600",9.63780379200521e-24,0.669931580842636,4.57039956480136e-20
"AMPL355545",0.150699669954803,0.974432841195535,1
"AMPL365945",1.91505689861195e-05,0.570615772416277,6.3477100619111e-14
"AMPL365823",5.76430908358588e-09,0.489305005401512,2.87387601517141e-24
"AMPL365750",6.15879424550644e-38,0.749729924378826,9.36814713394167e-23
"AMPL371732",0.000593364380878824,0.519697515304285,5.00713368427159e-286
"AMPL371479",2.65355368362727e-13,0.741951746489017,2.00290904667129e-68
"AMPL371488",7.03456099476425e-15,0.471876125315088,5.52288606909794e-191
"AMPL365844",0.106935073144996,0.373856679870364,1.2009696444977e-116
"AMPL365790",0.0501952341035278,0.965214259992798,8.72219839726801e-05
"AMPL371358",2.40777398758291e-18,0.397695354699316,0.00247145198153562
"AMPL371262",8.43725862418571e-16,0.724882967230825,8.08271879319981e-25
"AMPL366082",1.92142744364171e-44,0.6925459128556,3.14654053294171e-18
"AMPL365923",2.89068037624296e-08,0.417428880086424,6.64408450761118e-248
"AMPL390593",6.3087299260655e-09,0.772848397551314,2.89474673939875e-46
"AMPL366042",1.81780368357458e-12,0.552250630176449,6.74740978056467e-20
"AMPL371491",9.46072262798262e-05,0.778682030968671,2.63067479632427e-113
"AMPL371429",4.76742536657782e-07,0.834137558516385,9.25797894405793e-229
"AMPL376551",1.7410408987916e-54,0.776665466330573,1.64903408620072e-07
"AMPL376320",0.199680285810557,0.724162765574361,2.31456406550331e-59
"AMPL389990",7.5814505321002e-09,0.624126755491538,1.53699675610813e-07
"AMPL366090",9.73898237811107e-37,0.352466690673389,9.36681424092779e-40
"AMPL376917",4.28825228141437e-55,0.449693914296003,1.29578271422728e-25
"AMPL376929",0.000146498926797071,0.68397551314368,6.10740838284796e-99
"AMPL388261",4.41632801558096e-05,0.799063737846597,9.65307280953202e-116
"AMPL366052",1.81653981152396e-40,0.714368023046453,1.09021934533118e-45
"AMPL366022",7.44649580827043e-46,0.762549513863882,4.36585784452824e-18
"AMPL388732",1.21178050496011e-19,0.630104429240187,7.89143840400587e-17
"AMPL390447",0.00538010721797221,0.721930140439323,2.36482300421754e-259
"AMPL390601",0.00133742206352001,0.805689593086064,0
"AMPL366088",5.79855939216469e-21,0.474684911775297,2.30960983869284e-24
"AMPL365853",7.99503039748321e-12,0.43701836514224,3.86424534472005e-05
"AMPL390570",0.00197135766541024,0.664314007922218,0
"AMPL366029",0.00155686941197749,0.261937342455888,0
"AMPL388788",6.38612771213235e-31,0.527691753691033,4.77860319668433e-33
"AMPL365896",5.23887199821278e-21,0.882247029168167,0.000782087749723697
"AMPL388408",0.000119616552897813,0.617788980914656,0
"AMPL388483",4.56735717520076e-17,0.603312927619734,3.21330719459488e-11
"AMPL389956",0.00993902221856586,0.318905293482175,0
"AMPL389970",7.3213914692504e-16,0.757580122434282,0
"AMPL388223",0.0555296507154078,0.967662945624775,1
"AMPL365981",1.08387579196061e-09,0.256031688872884,1.55550043149692e-60
"AMPL390597",2.96590106686068e-16,0.489016924738927,3.31160246804348e-22
"AMPL366053",9.40955161585193e-30,0.264314007922218,6.65912930683163e-19
"AMPL390487",4.76029141093904e-16,0.667770975873245,3.66211273141269e-12
"AMPL376483",1.09622097978197e-06,0.746777097587324,1
"AMPL388272",0.000322766178956678,0.867482895210659,8.33769445759259e-282
"AMPL388372",0.000989044633476995,0.807634137558516,0
"AMPL388655",3.25288608889321e-15,0.420453727043572,1.03931096017696e-06
"AMPL390581",0.00689262913155166,0.947641339575081,5.23275305929447e-06
"AMPL388628",0.00131184595993605,0.831760893050054,6.28172549310756e-70
"AMPL388687",4.25692835214649e-09,0.238170687792582,1.92026168612312e-133
"AMPL376587",4.36516451591543e-21,0.602160604969391,7.59782251454588e-167
"AMPL388762",5.16522102210792e-09,0.6268635217861,6.39569076403033e-302
"AMPL388291",8.30252709702474e-24,0.553186892329852,1.57259877683445e-12
"AMPL376465",0.000450937906938705,0.806193734245589,0
"AMPL388609",0.0415782251267336,0.98667626935542,1
"AMPL389976",0.0690705987524317,0.998343536190133,1
"AMPL388660",4.10752294477889e-07,0.864890169247389,3.44460153035276e-91
"AMPL388494",0.000236984651577492,0.847749369823551,3.21488662592309e-72
"AMPL388807",1.95234396301521e-07,0.097731364782139,1.28532828098115e-114
"AMPL388710",1.86531426588801e-10,0.388980914656104,5.39629160308163e-16
"AMPL388618",1.58900259443731e-05,0.9731364782139,0.232296756544315
"AMPL365753",2.08296920494351e-06,0.662009362621534,7.36395775823772e-123
"AMPL376897",0.001814923229371,0.891321570039611,0
"AMPL388620",0.0034605066492602,0.656679870363702,0
"AMPL376501",0.000598171839173292,0.990133237306446,1
"AMPL390524",0.115729315952959,0.825423118473173,3.94333640721245e-58
"AMPL376938",1.41735415863811e-10,0.880014404033129,3.59324772616794e-65
"AMPL376318",2.72030458180754e-10,0.391573640619373,2.06644225578794e-63
"AMPL376298",0.0015269293698609,0.801008282319049,6.19214708573804e-278
"AMPL376389",3.58570899447127e-13,0.851062297443284,2.48445747857947e-06
"AMPL388818",1.06554434438511e-19,0.28995318689233,1.66604195034364e-14
"AMPL371802",4.30810712126662e-11,0.717464890169247,3.8495637566542e-137
"AMPL388428",6.38909030944301e-06,0.0474612891609651,1.13808442952148e-100
"AMPL390606",7.72517192203158e-07,0.948073460568959,3.88415614044909e-13
"AMPL388351",5.86905299310653e-08,0.640331292761973,0.0100719525804976
"AMPL371757",2.01127304088411e-05,0.794670507742168,2.34183585356772e-184
"AMPL388260",0.0451239609599057,0.767879006121714,2.60811626084131e-103
"AMPL388402",0.000121308905431364,0.908822470291682,1
"AMPL388730",0.151152760418155,0.935109830752611,3.35675953018995e-14
"AMPL388354",1.12763696965868e-26,0.804249189773137,8.84405082960937e-09
"AMPL388447",1.34584177359548e-05,0.969895570759813,0.118081823403742
"AMPL390547",7.49934321431535e-07,0.437306445804825,6.72296097065646e-45
"AMPL388634",0.0106584289097462,0.515808426359381,0
"AMPL390256",2.62935540284223e-08,0.477493698235506,2.88495792831715e-161
"AMPL388671",3.8705906363765e-28,0.119841555635578,1
"AMPL390079",0.00130384929459583,0.681166726683471,0
"AMPL376650",1.92444865123244e-24,0.0679150162045373,2.61251602573959e-08
"AMPL388631",0.0171179683315441,0.866546633057256,6.90412191645708e-153
"AMPL388478",0.0208266488353718,0.772488296723083,3.77290824975143e-133
"AMPL388530",0.0503114228119182,0.689593086064098,5.03549094369834e-39
"AMPL388514",1.07717286383068e-07,0.888080662585524,0
"AMPL376689",2.0205000125519e-26,0.176089305005402,5.98918836011777e-13
"AMPL371322",1.99177129661637e-16,0.506085703997119,0
"AMPL366150",0.0481712889661352,0.955995678790061,0.158525461505061
"AMPL390130",0.000172496350873987,0.856679870363702,0
"AMPL376310",0.0400490355462661,0.760965070219662,0
"AMPL388450",0.0029133808065401,0.811667266834714,0
"AMPL388761",0.0003946388770822,0.767590925459129,1.20179332665607e-32
"AMPL388758",9.65926984602126e-06,0.78329132157004,9.47642408991688e-20
"AMPL388232",2.02398184883221e-38,0.65970471732085,5.25718192958098e-16
"AMPL366102",2.05336505287915e-08,0.362837594526467,1
"AMPL388796",0.00816110115194604,0.70666186532229,0
"AMPL388861",0.0138977991071407,0.673676629456248,6.46059102020457e-47
"AMPL376698",5.12262757676175e-09,0.798631616852719,1.33921607247726e-124
"AMPL388801",1.90970106802666e-09,0.384587684551674,5.10460231722894e-54
"AMPL388346",3.33157726232028e-13,0.917680950666186,3.69807565122966e-19
"AMPL388246",8.81849342797061e-58,0.766438602808787,4.03586263718915e-11
"AMPL388335",3.86033786612399e-76,0.591933741447605,1.81399657793616e-19
"AMPL388203",5.06085065222487e-32,0.0603528988116673,1.68774280855392e-16
"AMPL388780",0.000884694935261265,0.926467410875045,4.784429882123e-42
"AMPL376517",4.58092423618915e-20,0.241627655743608,1.93908654934964e-184
"AMPL388186",6.73187748381941e-21,0.923082463089665,0.568639657567098
"AMPL389962",0.0445447453783715,0.158444364422038,3.53277233968403e-08
"AMPL390347",0.00316728817354666,0.995894850558156,1
"AMPL388535",0.137180987605697,0.983435361901332,1
"AMPL390499",0.0096047999605305,0.964494058336334,2.15292502045006e-11
"AMPL388355",0.000100796237172865,0.817572920417717,6.33946148679422e-23
"AMPL388466",8.27706102269748e-13,0.23622614332013,7.33865963690923e-06
"AMPL371208",2.68393392707105e-14,0.166438602808786,0.0401776366746858
"AMPL376470",1.66063120562043e-13,0.549369823550594,3.08477400792838e-17
"AMPL390220",0.000430257731566196,0.927979834353619,7.45056821802843e-25
"AMPL365733",9.06038232776715e-25,0.291609650702197,1.47630932310807e-77
"AMPL390037",2.25339659908888e-15,0.663449765934462,7.4210159883544e-39
"AMPL388527",0.0216594648277186,0.999567879006122,1
"AMPL371607",9.34524283152026e-24,0.760172848397551,1.32199661587215e-16
"AMPL366035",3.70839589535608e-07,0.673964710118833,1.55422656310764e-50
"AMPL388561",4.35302879372333e-16,0.792293842275837,1
"AMPL388770",6.07035610533655e-57,0.391717680950666,2.83438863043226e-20
"AMPL371584",4.09477636381716e-06,0.576089305005402,1.45753380338792e-32
"AMPL376449",0.00638612341885463,0.711271155923659,0
"AMPL388341",2.24809431283805e-34,0.485415916456608,7.53869459401209e-17
"AMPL376728",4.98330095547977e-11,0.767590925459129,1.56306006309682e-188
"AMPL388743",0.000883635801190372,0.527475693194094,1.83065926700465e-08
"AMPL389965",0.000468816377876954,0.647101188332733,5.17653630456586e-205
"AMPL390408",1.14866810217025e-10,0.820453727043572,1.29542283254258e-173
"AMPL388704",4.51585828263166e-21,0.900972272236226,8.29051060796286e-93
"AMPL376635",3.22573339741608e-12,0.111415196254951,1.08841865655629e-19
"AMPL376822",0.0868790438280229,0.705365502340655,0
"AMPL388622",2.59303007999146e-08,0.989124954987396,1.18693119142764e-54
"AMPL388484",0.0747419446581847,0.869715520345697,0
"AMPL365968",1.84699164231427e-14,0.641915736406194,2.89538268217657e-06
"AMPL388258",2.63791418600439e-06,0.642491897731365,3.21971435739596e-16
"AMPL388686",7.32246198310038e-06,0.931580842635938,5.08806383095567e-265
"AMPL388512",9.54013721586346e-05,0.9074540871444,1.49773116618139e-292
"AMPL388458",0.158996521237479,0.682895210658985,0
"AMPL366136",9.50864457237758e-30,0.149297803384948,1
"AMPL388455",2.31108597637793e-23,0.424414836154123,2.34895480934761e-12
"AMPL376502",0.031663850673906,0.955131436802305,1.63344784737982e-34
"AMPL388549",2.13341770725339e-15,0.767879006121714,3.30517613919613e-71
"AMPL376366",3.02699900550737e-06,0.853583003240907,1.21393543673363e-175
"AMPL371643",0.00238478912473262,0.518113071660065,5.48347017496605e-144
"AMPL388299",8.3604214492463e-06,0.532589124954987,5.43460147588962e-207
"AMPL376820",0.0651217788322241,0.583795462729564,0
"AMPL388421",7.97285554330609e-21,0.317897011163126,2.65899095417626e-10
"AMPL388285",2.15376894003045e-06,0.571119913575801,6.98696819881944e-97
"AMPL388552",3.97984798212009e-07,0.753402952826791,4.36780100631617e-113
"AMPL388638",7.22387791133972e-07,0.404825351098308,0
"AMPL388473",1.00754994356415e-05,0.952610731004681,7.72947791898925e-26
"AMPL388347",9.82274836179885e-05,0.921209938782859,1
"AMPL390420",0.00579340587862526,0.844652502700756,0
"AMPL376955",1.06794670764993e-31,0.859416636658264,1.95386000353879e-44
"AMPL388551",4.76012668478956e-06,0.676557436082103,1.6605608231126e-21
"AMPL388678",1.08243287693164e-19,0.17551314368023,0.360072161751625
"AMPL388395",0.0141615397326359,0.79063737846597,1.72852084665348e-111
"AMPL376948",0.000375764631153879,0.944544472452287,1
"AMPL388262",4.85675167115999e-11,0.731580842635938,2.02826594880563e-47
"AMPL376497",3.86633493337445e-13,0.948145480734606,1
"AMPL376696",1.07645941229921e-08,0.935469931580843,1.34341685709511e-06
"AMPL390052",0.000422210503164302,0.840619373424559,1.96217270386208e-290
"AMPL388462",0.0092606363615172,0.825207057976233,0
"AMPL388705",7.47037713435698e-19,0.867915016204537,1.49694232700909e-26
"AMPL388399",1.38208089232139e-06,0.940655383507382,2.78427996335908e-17
"AMPL365899",0.0462926479689193,0.996975153042852,1
"AMPL388227",0.0958939792813083,0.994814548073461,1
"AMPL390407",0.00018818304349133,0.817140799423839,5.53126490001934e-249
"AMPL376300",1.69540373270255e-15,0.652070579762333,5.79704092173077e-96
"AMPL371550",0.00914483865334895,0.985451926539431,1
"AMPL388498",0.000597977098599151,0.99085343896291,1.39959780429027e-21
"AMPL388576",2.51625140779269e-54,0.563413755851638,2.88959878694659e-31
"AMPL388583",9.07377082167125e-07,0.944184371624055,3.23413019650565e-68
"AMPL388659",2.21036175660575e-68,0.802160604969391,1.4667178770753e-10
"AMPL388750",1.54112726087565e-08,0.807418077061577,5.32785788386517e-23
"AMPL388196",7.84204722376962e-09,0.53791861721282,2.26918988113398e-63
"AMPL365903",6.07348715863233e-34,0.818149081742888,8.12597175486156e-18
"AMPL388787",9.30897789762054e-05,0.712567518905293,1.8645446081998e-306
"AMPL371416",1.97322124880249e-12,0.162117392870004,1.04773852601196e-170
"AMPL388764",0.000388634680667115,0.458048253510983,2.89384201590896e-40
"AMPL388516",0.0369378914418112,0.967518905293482,0
"AMPL388340",6.84020795271924e-09,0.853006841915736,2.44488458118947e-84
"AMPL388669",8.08965928341036e-08,0.836658264314008,1.81358601961149e-13
"AMPL390342",7.33258935024323e-06,0.809722722362261,0
"AMPL390501",0.0157314266435288,0.843212099387829,1.16725500417649e-44
"AMPL371192",1.28822255265886e-07,0.977529708318329,1.44293913839404e-06
"AMPL371350",2.66460999130833e-24,0.873676629456248,4.65953350546022e-27
"AMPL371563",3.45109451925477e-47,0.559236586244148,8.44555580779322e-49
"AMPL388267",0.0245419811675882,0.652430680590565,4.68165498462412e-152
"AMPL388519",1.44621158967835e-08,0.594742527907814,0
"AMPL371481",2.38264304452662e-22,0.816204537270436,0.000123131964318164
"AMPL388523",1.96097098746341e-50,0.305365502340655,7.69187570590621e-30
"AMPL371259",3.27817481181997e-20,0.720705797623335,1.18955255276274e-35
"AMPL371738",0.00231599887697617,0.799927979834354,0
"AMPL378293",8.76147399637692e-17,0.492473892689953,2.4846173234563e-06
"AMPL376786",6.26990253168839e-08,0.854303204897371,1.95772633287838e-31
"AMPL388308",0.0338226464841806,0.93950306085704,3.22639969501307e-138
"AMPL388781",0.0509930464633411,0.665970471732085,1.13501352355806e-283
"AMPL371745",2.40623706265704e-34,0.673604609290601,1.37165798560027e-14
"AMPL388745",0.0132620094250138,0.77133597407274,0
"AMPL388463",9.64075242396244e-09,0.744112351458408,8.9493397702034e-20
"AMPL388544",0.00118473612813667,0.976593446164926,1
"AMPL389969",0.000355418839020914,0.973352538710839,1
"AMPL388279",0.0169508776051723,0.862801584443644,6.29203494487742e-277
"AMPL371202",0.00990948966957658,0.678862081382787,0
"AMPL388442",0.00818072188459749,0.78069859560677,0
"AMPL371406",0.00406709361136295,0.92697155203457,3.08777732252956e-40
"AMPL390432",0.029900359783861,0.865610370903853,9.56102172814618e-81
"AMPL371562",0.00454212855616292,0.985451926539431,1
"AMPL388465",3.52551501763601e-05,0.636658264314008,2.56354031834608e-175
"AMPL371555",0.000706476816211534,0.888584803745049,1.75158873779383e-20
"AMPL389988",0.00140414145140661,0.7194094346417,3.61373477952774e-142
"AMPL371327",8.34296395951035e-12,0.789341015484336,5.80095351344525e-33
"AMPL377634",4.50472159291067e-05,0.911919337414476,7.15678247865291e-12
"AMPL388836",5.41753732374345e-05,0.726107310046813,1.94471365695802e-10
"AMPL390397",0.000867995854314151,0.872812387468491,0.000326031573055691
"AMPL388489",0.111786108319819,0.85135037810587,0
"AMPL371674",0.00302024606474413,0.968815268275117,1.60205709052408e-08
"AMPL388468",0.00452390652756839,0.956283759452647,1
"AMPL371476",0.0187859957743909,0.811091105509543,2.58141576985716e-47
"AMPL371466",9.129954742214e-09,0.562045372704357,9.03567260311036e-49
"AMPL371764",0.00606391176905333,0.882895210658984,7.06353647694366e-62
"AMPL390235",0.0112503260766459,0.940583363341736,2.02168770200162e-127
"AMPL388782",0.0959313729016731,0.973280518545193,1
"AMPL371324",8.86897217536681e-11,0.951602448685632,1
"AMPL388775",0.000142957546073072,0.271011883327332,0
"AMPL390374",0.00681523198503156,0.948073460568959,1
"AMPL371524",5.5428939616425e-11,0.653583003240907,2.69388432298126e-28
"AMPL390274",3.30276307767694e-05,0.929996398991718,1
"AMPL388433",2.84600385834664e-33,0.711919337414476,2.41762649904025e-36
"AMPL388593",0.000737739145901499,0.831904933381347,1.0382402061363e-36
"AMPL388242",0.00144609339606226,0.45293482175009,0
"AMPL388286",0.000164667804992889,0.938926899531869,9.62935104771236e-10
"AMPL388663",1.66209855262572e-08,0.417861001080302,7.8347636577288e-73
"AMPL377123",6.14752024865747e-16,0.265610370903853,3.10086123967997e-20
"AMPL388579",0.0569282974436324,0.981850918257112,0.000158841606305739
"AMPL390555",1.17183192619016e-25,0.654159164566078,0.0114884349482821
"AMPL388427",0.00474127266058655,0.487864602088585,0
"AMPL388684",0.0153037601696931,0.753763053655023,0
"AMPL388795",2.91895758805683e-06,0.968023046453007,0.000589355419463884
"AMPL371656",0.0235689368387447,0.91840115232265,2.39737571550711e-31
"AMPL388365",1.05212383593828e-66,0.836082102988837,3.67140981574211e-05
